<?xml version="1.0" encoding="UTF-8"?>
<project-private xmlns="http://www.netbeans.org/ns/project-private/1">
    <editor-bookmarks xmlns="http://www.netbeans.org/ns/editor-bookmarks/2" lastBookmarkId="0"/>
    <open-files xmlns="http://www.netbeans.org/ns/projectui-open-files/2">
        <group>
            <file>file:/C:/Users/Duncan/Documents/NetBeansProjects/Duncan_Nisbett_C482_Software_1/src/View_Controller/main.css</file>
            <file>file:/C:/Users/Duncan/Documents/NetBeansProjects/Duncan_Nisbett_C482_Software_1/src/duncan_nisbett_c482_software_1/Duncan_Nisbett_C482_Software_1.java</file>
            <file>file:/C:/Users/Duncan/Documents/NetBeansProjects/Duncan_Nisbett_C482_Software_1/src/View_Controller/MainScreenController.java</file>
            <file>file:/C:/Users/Duncan/Documents/NetBeansProjects/Duncan_Nisbett_C482_Software_1/src/View_Controller/MainScreen.fxml</file>
        </group>
    </open-files>
</project-private>
